country_en,iso_en,cctld,country,id,web_url,col_hex_1,col_hex_2,col_hex_3,col_shar_1,col_shar_2,col_shar_3,col_1_tag,col_tag_2,col_tag_3,red,blue,green
Latvia,Latvia,.lv,latvia,lv,https://flagpedia.net/data/flags/w1160/lv.png,#9E3039,#FFFFFF,NA,0.8,0.2,NA,red,white,,col_hex_1,,
Egypt,Egypt,.eg,egypt,eg,https://flagpedia.net/data/flags/w1160/eg.png,#000000,#CE1126,#FFFFFF,0.332470893,0.332470893,0.309745952,black,red,white,col_hex_2,,
Taiwan,Taiwan (Province of China),.tw,taiwan (province of china),tw,https://flagpedia.net/data/flags/w1160/tw.png,#FE0000,#000095,#FFFFFF,0.749676585,0.215837311,0.031350091,red,blue,white,col_hex_1,col_hex_2,
Monaco,Monaco,.mc,monaco,mc,https://flagpedia.net/data/flags/w1160/mc.png,#CE1126,#FFFFFF,NA,0.5,0.5,NA,red,white,,col_hex_1,,
Jordan,Jordan,.jo,jordan,jo,https://flagpedia.net/data/flags/w1160/jo.png,#000000,#007A3D,#CE1126,0.27710761,0.27710761,0.245099584,black,green,red,col_hex_3,,col_hex_2
Andorra,Andorra,.ad,andorra,ad,https://flagpedia.net/data/flags/w1160/ad.png,#D0103A,#0018A8,#FEDF00,0.319828648,0.319827586,0.273008323,red,blue,yellow,col_hex_1,col_hex_2,
Haiti,Haiti,.ht,haiti,ht,https://flagpedia.net/data/flags/w1160/ht.png,#D21034,#00209F,#FFFFFF,0.475478101,0.475475624,0.023954618,red,blue,yellow,col_hex_1,col_hex_2,
Palestinian Territories,"Palestine, State of",.ps,"palestine, state of",ps,https://flagpedia.net/data/flags/w1160/ps.png,#000000,#007A3D,#FFFFFF,0.295753567,0.295662901,0.238763377,black,green,yellow,,,col_hex_2
Papua New Guinea,Papua New Guinea,.pg,papua new guinea,pg,https://flagpedia.net/data/flags/w1160/pg.png,#000000,#CE1126,#FCD116,0.481453627,0.442302814,0.054418351,black,red,yellow,col_hex_2,,
South Sudan,South Sudan,.ss,south sudan,ss,https://flagpedia.net/data/flags/w1160/ss.png,#000000,#078930,#0F47AF,0.260879905,0.260847206,0.200893282,black,green,yellow,,,col_hex_2
St. Kitts & Nevis,Saint Kitts and Nevis,.kn,saint kitts and nevis,kn,https://flagpedia.net/data/flags/w1160/kn.png,#000000,#CE1126,#009E49,0.29677923,0.278449391,0.278404782,black,red,red,col_hex_2,,
Sudan,Sudan (the),.sd,sudan (the),sd,https://flagpedia.net/data/flags/w1160/sd.png,#000000,#D21034,#FFFFFF,0.295753567,0.295658442,0.238668252,black,red,white,col_hex_2,,
Syria,Syrian Arab Republic (the),.sy,syrian arab republic (the),sy,https://flagpedia.net/data/flags/w1160/sy.png,#000000,#CE1126,#FFFFFF,0.332470893,0.332470893,0.303025606,black,red,yellow,col_hex_2,,
Lesotho,Lesotho,.ls,lesotho,ls,https://flagpedia.net/data/flags/w1160/ls.png,#FFFFFF,#00209F,#009543,0.364226926,0.300129366,0.299611902,white,blue,yellow,,col_hex_2,
Western Sahara,Western Sahara,.eh,western sahara,eh,https://flagpedia.net/data/flags/w1160/eh.png,#000000,#007A3D,#FFFFFF,0.295658442,0.295658442,0.226316885,black,green,green,,,col_hex_2
Yemen,Yemen,.ye,yemen,ye,https://flagpedia.net/data/flags/w1160/ye.png,#000000,#CE1126,#FFFFFF,0.332470893,0.332470893,0.331897667,black,red,yellow,col_hex_2,,
American Samoa,American Samoa,.as,american samoa,as,https://flagpedia.net/data/flags/w1160/as.png,#000066,#FFFFFF,#BD1021,0.498275862,0.323941736,0.097919144,blue,white,yellow,,col_hex_1,
Heard & McDonald Islands,Heard Island and McDonald Islands,.hm,heard island and mcdonald islands,hm,https://flagpedia.net/data/flags/w1160/hm.png,#00008B,#FFFFFF,#FF0000,0.785020809,0.111780618,0.092089774,blue,white,red,col_hex_3,col_hex_1,
Guadeloupe,Guadeloupe,.gp,guadeloupe,gp,https://flagpedia.net/data/flags/w1160/gp.png,#000000,#002488,#FCDD09,0.489205737,0.281088014,0.186705402,black,blue,yellow,,col_hex_2,
Bosnia & Herzegovina,Bosnia and Herzegovina,.ba,bosnia and herzegovina,ba,https://flagpedia.net/data/flags/w1160/ba.png,#002395,#FECB00,#FFFFFF,0.706465517,0.248708383,0.038263971,blue,yellow,white,,col_hex_1,
France,France,.fr,france,fr,https://flagpedia.net/data/flags/w1160/fr.png,#002395,#ED2939,#FFFFFF,0.332758621,0.332758621,0.332758621,blue,red,white,col_hex_2,col_hex_1,
French Southern Territories,French Southern Territories (the),.tf,french southern territories (the),tf,https://flagpedia.net/data/flags/w1160/tf.png,#002395,#FFFFFF,#ED2939,0.83674555,0.104923719,0.053069099,blue,white,red,col_hex_3,col_hex_1,
Saint Martin (French part),Saint Martin (French part),.mf,saint martin (french part),mf,https://flagpedia.net/data/flags/w1160/mf.png,#002395,#ED2939,#FFFFFF,0.332758621,0.332758621,0.332758621,blue,red,white,col_hex_2,col_hex_1,
Chad,Chad,.td,chad,td,https://flagpedia.net/data/flags/w1160/td.png,#002664,#C60C30,#FECB00,0.332758621,0.332758621,0.332758621,blue,red,yellow,col_hex_2,col_hex_1,
Dominican Republic,Dominican Republic (the),.do,dominican republic (the),do,https://flagpedia.net/data/flags/w1160/do.png,#CE1126,#002D62,#FFFFFF,0.348708569,0.348366195,0.288177499,red,blue,white,col_hex_1,col_hex_2,
Turks & Caicos Islands,Turks and Caicos Islands (the),.tc,turks and caicos islands (the),tc,https://flagpedia.net/data/flags/w1160/tc.png,#002868,#CE1126,#FFFFFF,0.754239001,0.092968193,0.089702735,blue,red,white,col_hex_2,col_hex_1,
Namibia,Namibia,.na,namibia,na,https://flagpedia.net/data/flags/w1160/na.png,#009543,#003580,#D21034,0.318433555,0.28996409,0.276518937,green,blue,red,col_hex_3,col_hex_2,col_hex_1
Cuba,Cuba,.cu,cuba,cu,https://flagpedia.net/data/flags/w1160/cu.png,#002A8F,#FFFFFF,#CF142B,0.487086801,0.308096017,0.2028478,blue,white,red,col_hex_3,col_hex_1,
Lithuania,Lithuania,.lt,lithuania,lt,https://flagpedia.net/data/flags/w1160/lt.png,#006A44,#C1272D,#FDB913,0.333333333,0.333333333,0.333333333,green,red,orange,col_hex_2,,col_hex_1
Belgium,Belgium,.be,belgium,be,https://flagpedia.net/data/flags/w1160/be.png,#000000,#ED2939,#FAE042,0.332758621,0.332758621,0.332758621,black,red,yellow,col_hex_2,,
Romania,Romania,.ro,romania,ro,https://flagpedia.net/data/flags/w1160/ro.png,#002B7F,#CE1126,#FCD116,0.332758621,0.332758621,0.332758621,blue,red,yellow,col_hex_2,col_hex_1,
Bolivia,Bolivia (Plurinational State of),.bo,bolivia (plurinational state of),bo,https://flagpedia.net/data/flags/w1160/bo.png,#007934,#D52B1E,#F9E300,0.332490518,0.332490518,0.332490518,green,red,yellow,col_hex_2,,col_hex_1
Guinea,Guinea,.gn,guinea,gn,https://flagpedia.net/data/flags/w1160/gn.png,#CE1126,#FCD116,#009460,0.332758621,0.332758621,0.331896552,red,yellow,green,col_hex_1,,col_hex_3
Thailand,Thailand,.th,thailand,th,https://flagpedia.net/data/flags/w1160/th.png,#2D2A4A,#A51931,#F4F5F8,0.332470893,0.331177232,0.331177232,bluee,red,white,col_hex_2,,
Paraguay,Paraguay,.py,paraguay,py,https://flagpedia.net/data/flags/w1160/py.png,#0038A8,#D52B1E,#FFFFFF,0.332288401,0.332288401,0.320204572,blue,red,white,col_hex_2,col_hex_1,
Philippines,Philippines (the),.ph,philippines (the),ph,https://flagpedia.net/data/flags/w1160/ph.png,#0038A8,#CE1126,#FFFFFF,0.391391201,0.391388228,0.177005054,blue,red,white,col_hex_2,col_hex_1,
Russia,Russian Federation (the),.ru,russian federation (the),ru,https://flagpedia.net/data/flags/w1160/ru.png,#0039A6,#D52B1E,#FFFFFF,0.332470893,0.332470893,0.332470893,blue,red,white,col_hex_2,col_hex_1,
El Salvador,El Salvador,.sv,el salvador,sv,https://flagpedia.net/data/flags/w1160/sv.png,#0047AB,#FFFFFF,#FFCC00,0.666151271,0.309145313,0.002323895,blue,white,yellow,,col_hex_1,
Åland Islands,Åland Islands,.ax,åland islands,ax,https://flagpedia.net/data/flags/w1160/ax.png,#0053A5,#FFCE00,#D21034,0.569054226,0.240947139,0.183511509,blue,yellow,red,col_hex_3,col_hex_1,
Seychelles,Seychelles,.sc,seychelles,sc,https://flagpedia.net/data/flags/w1160/sc.png,#D62828,#003F87,#007A3D,0.331898038,0.16637931,0.16603151,red,blue,green,col_hex_1,col_hex_2,col_hex_3
Moldova,Moldova (the Republic of),.md,moldova (the republic of),md,https://flagpedia.net/data/flags/w1160/md.png,#CC092F,#0046AE,#FFD200,0.332966706,0.332899822,0.264791914,red,blue,yellow,col_hex_1,col_hex_2,
Solomon Islands,Solomon Islands,.sb,solomon islands,sb,https://flagpedia.net/data/flags/w1160/sb.png,#215B33,#0051BA,#FCD116,0.449613555,0.420288347,0.095862069,green,blue,yellow,,col_hex_2,col_hex_1
Armenia,Armenia,.am,armenia,am,https://flagpedia.net/data/flags/w1160/am.png,#D90012,#F2A800,#0033A0,0.332758621,0.332758621,0.331034483,red,orange,blue,col_hex_1,col_hex_3,
Mexico,Mexico,.mx,mexico,mx,https://flagpedia.net/data/flags/w1160/mx.png,#006847,#CE1126,#FFFFFF,0.331934259,0.331896552,0.285469652,green,red,white,col_hex_2,,col_hex_1
Venezuela,Venezuela (Bolivarian Republic of),.ve,venezuela (bolivarian republic of),ve,https://flagpedia.net/data/flags/w1160/ve.png,#CF142B,#FFCC00,#00247D,0.331897667,0.331897667,0.321239461,red,yellow,blue,col_hex_1,col_hex_3,
Slovenia,Slovenia,.si,slovenia,si,https://flagpedia.net/data/flags/w1160/si.png,#FF0000,#005CE5,#FFFFFF,0.335486029,0.334585315,0.323864447,red,blue,white,col_hex_1,col_hex_2,
Togo,Togo,.tg,togo,tg,https://flagpedia.net/data/flags/w1160/tg.png,#006A4E,#FFCE00,#D21034,0.450120233,0.321480787,0.196442312,green,yellow,red,col_hex_3,,col_hex_1
Portugal,Portugal,.pt,portugal,pt,https://flagpedia.net/data/flags/w1160/pt.png,#FF0000,#006600,#FFFF00,0.568290806,0.34430343,0.034104697,red,green,yellow,col_hex_1,,col_hex_2
Dominica,Dominica,.dm,dominica,dm,https://flagpedia.net/data/flags/w1160/dm.png,#006B3F,#FCD116,#FFFFFF,0.652959275,0.084016052,0.083480975,green,yellow,white,,,col_hex_1
Senegal,Senegal,.sn,senegal,sn,https://flagpedia.net/data/flags/w1160/sn.png,#00853F,#E31B23,#FDEF42,0.353250881,0.332758621,0.311530312,green,red,yellow,col_hex_2,,col_hex_1
Uzbekistan,Uzbekistan,.uz,uzbekistan,uz,https://flagpedia.net/data/flags/w1160/uz.png,#FFFFFF,#1EB53A,#0099B5,0.32480975,0.318965517,0.309320749,white,green,blue,,col_hex_3,col_hex_2
Sierra Leone,Sierra Leone,.sl,sierra leone,sl,https://flagpedia.net/data/flags/w1160/sl.png,#0072C6,#1EB53A,#FFFFFF,0.332470893,0.332470893,0.332470893,blue,green,white,,col_hex_1,col_hex_2
Estonia,Estonia,.ee,estonia,ee,https://flagpedia.net/data/flags/w1160/ee.png,#0072CE,#FFFFFF,#000000,0.333333333,0.333333333,0.332758621,blue,white,black,,col_hex_1,
Uganda,Uganda,.ug,uganda,ug,https://flagpedia.net/data/flags/w1160/ug.png,#FCDC04,#000000,#D90000,0.331483918,0.31181804,0.308024044,yellow,black,red,col_hex_3,,
Tajikistan,Tajikistan,.tj,tajikistan,tj,https://flagpedia.net/data/flags/w1160/tj.png,#FFFFFF,#006600,#CC0000,0.410390904,0.284482759,0.284482759,white,green,red,col_hex_3,,col_hex_2
Iran,Iran (Islamic Republic of),.ir,iran (islamic republic of),ir,https://flagpedia.net/data/flags/w1160/ir.png,#FFFFFF,#DA0000,#239F40,0.369420606,0.311907734,0.301587611,white,red,green,col_hex_2,,col_hex_3
Benin,Benin,.bj,benin,bj,https://flagpedia.net/data/flags/w1160/bj.png,#008751,#FCD116,#E8112D,0.4,0.299611902,0.299181425,green,yellow,red,col_hex_3,,col_hex_1
Slovakia,Slovakia,.sk,slovakia,sk,https://flagpedia.net/data/flags/w1160/sk.png,#EE1C25,#FFFFFF,#0B4EA2,0.389778962,0.337275282,0.267403087,red,white,blue,col_hex_1,col_hex_3,
Puerto Rico,Puerto Rico,.pr,puerto rico,pr,https://flagpedia.net/data/flags/w1160/pr.png,#EE0000,#FFFFFF,#0050F0,0.446997814,0.280537092,0.266582281,red,white,blue,col_hex_1,col_hex_3,
Kuwait,Kuwait,.kw,kuwait,kw,https://flagpedia.net/data/flags/w1160/kw.png,#007A3D,#CE1126,#FFFFFF,0.291092449,0.291092449,0.248275862,green,red,white,col_hex_2,,col_hex_1
Panama,Panama,.pa,panama,pa,https://flagpedia.net/data/flags/w1160/pa.png,#FFFFFF,#DA121A,#072357,0.475346835,0.261155596,0.260537762,white,red,blue,col_hex_2,col_hex_3,
Mozambique,Mozambique,.mz,mozambique,mz,https://flagpedia.net/data/flags/w1160/mz.png,#FCE100,#007168,#000000,0.28456417,0.269061427,0.210107285,yellow,green,black,,,col_hex_2
Afghanistan,Afghanistan,.af,afghanistan,af,https://flagpedia.net/data/flags/w1160/af.png,#007A36,#000000,#D32011,0.316365928,0.315083419,0.259279788,green,black,red,col_hex_3,,col_hex_1
Cameroon,Cameroon,.cm,cameroon,cm,https://flagpedia.net/data/flags/w1160/cm.png,#FCD116,#007A5E,#CE1126,0.345769951,0.332758621,0.31917518,yellow,green,red,col_hex_3,,col_hex_2
Myanmar (Burma),Myanmar,.mm,myanmar,mm,https://flagpedia.net/data/flags/w1160/mm.png,#FECB00,#EA2839,#34B233,0.326445332,0.313002409,0.255703261,yellow,red,green,col_hex_2,,col_hex_3
United Arab Emirates,United Arab Emirates (the),.ae,united arab emirates (the),ae,https://flagpedia.net/data/flags/w1160/ae.png,#FF0000,#000000,#00732F,0.25,0.249568966,0.249568966,red,black,green,col_hex_1,,col_hex_3
Czechia,Czechia,.cz,czechia,cz,https://flagpedia.net/data/flags/w1160/cz.png,#D7141A,#FFFFFF,#11457E,0.374299639,0.374294063,0.249483651,red,white,blue,col_hex_1,col_hex_3,
Belarus,Belarus,.by,belarus,by,https://flagpedia.net/data/flags/w1160/by.png,#CE1720,#007C30,#FFFFFF,0.64957937,0.293745541,0.045469679,red,green,white,col_hex_1,,col_hex_2
Tanzania,"Tanzania, the United Republic of",.tz,"tanzania, the united republic of",tz,https://flagpedia.net/data/flags/w1160/tz.png,#000000,#00A3DD,#1EB53A,0.29749632,0.289824687,0.289361868,black,blue,green,,col_hex_2,col_hex_3
St. Vincent & Grenadines,Saint Vincent and the Grenadines,.vc,saint vincent and the grenadines,vc,https://flagpedia.net/data/flags/w1160/vc.png,#FCD022,#007C2E,#002674,0.431943391,0.31645403,0.249137931,yellow,green,blue,,col_hex_3,col_hex_2
Vanuatu,Vanuatu,.vu,vanuatu,vu,https://flagpedia.net/data/flags/w1160/vu.png,#009543,#D21034,#000000,0.311654033,0.311572285,0.266220769,green,red,black,col_hex_2,,col_hex_1
Tuvalu,Tuvalu,.tv,tuvalu,tv,https://flagpedia.net/data/flags/w1160/tv.png,#0095C8,#C8102E,#FFFFFF,0.71290874,0.092089774,0.083271403,blue,red,white,col_hex_2,col_hex_1,
North Korea,Korea (the Democratic People's Republic of),.kp,korea (the democratic people's republic of),kp,https://flagpedia.net/data/flags/w1160/kp.png,#ED1C27,#024FA2,#FFFFFF,0.556719679,0.331034483,0.102239893,red,blue,white,col_hex_1,col_hex_2,
Niger,Niger (the),.ne,niger (the),ne,https://flagpedia.net/data/flags/w1160/ne.png,#E05206,#0DB02B,#FFFFFF,0.386709915,0.332997988,0.277732776,red,green,white,col_hex_1,,col_hex_2
Mali,Mali,.ml,mali,ml,https://flagpedia.net/data/flags/w1160/ml.png,#FCD116,#14B53A,#CE1126,0.332758621,0.331896552,0.331896552,yellow,green,red,col_hex_3,,col_hex_2
Burkina Faso,Burkina Faso,.bf,burkina faso,bf,https://flagpedia.net/data/flags/w1160/bf.png,#009E49,#EF2B2D,#FCD116,0.489839185,0.487832895,0.020450997,green,red,yellow,col_hex_2,,col_hex_1
Guinea-Bissau,Guinea-Bissau,.gw,guinea-bissau,gw,https://flagpedia.net/data/flags/w1160/gw.png,#009E49,#FCD116,#CE1126,0.333189655,0.333189655,0.316869798,green,yellow,red,col_hex_3,,col_hex_1
Guyana,Guyana,.gy,guyana,gy,https://flagpedia.net/data/flags/w1160/gy.png,#009E49,#CE1126,#FCD116,0.498558264,0.194436187,0.168245888,green,red,yellow,col_hex_2,,col_hex_1
Croatia,Croatia,.hr,croatia,hr,https://flagpedia.net/data/flags/w1160/hr.png,#FF0000,#171796,#FFFFFF,0.339249405,0.328709869,0.305579667,red,blue,white,col_hex_1,col_hex_2,
Gabon,Gabon,.ga,gabon,ga,https://flagpedia.net/data/flags/w1160/ga.png,#009E60,#3A75C4,#FCD116,0.333333333,0.333333333,0.333333333,green,blue,yellow,,col_hex_2,col_hex_1
Luxembourg,Luxembourg,.lu,luxembourg,lu,https://flagpedia.net/data/flags/w1160/lu.png,#00A1DE,#ED2939,#FFFFFF,0.333333333,0.333333333,0.333333333,blue,red,white,col_hex_2,col_hex_1,
Mauritius,Mauritius,.mu,mauritius,mu,https://flagpedia.net/data/flags/w1160/mu.png,#EA2839,#00A551,#1A206D,0.249676585,0.249246108,0.248382924,red,green,blue,col_hex_1,col_hex_3,col_hex_2
Rwanda,Rwanda,.rw,rwanda,rw,https://flagpedia.net/data/flags/w1160/rw.png,#00A1DE,#20603D,#FAD201,0.48146496,0.249676585,0.248382924,blue,green,yellow,,col_hex_1,col_hex_2
Libya,Libya,.ly,libya,ly,https://flagpedia.net/data/flags/w1160/ly.png,#000000,#239E46,#E70013,0.48794887,0.25,0.25,black,green,red,col_hex_3,,col_hex_2
Anguilla,Anguilla,.ai,anguilla,ai,https://flagpedia.net/data/flags/w1160/ai.png,#012169,#FFFFFF,#C8102E,0.740762485,0.125414685,0.092089774,blue,white,red,col_hex_3,col_hex_1,
Serbia,Serbia,.rs,serbia,rs,https://flagpedia.net/data/flags/w1160/rs.png,#FFFFFF,#C6363C,#0C4076,0.357667172,0.34083285,0.247840924,white,red,blue,col_hex_2,col_hex_3,
British Virgin Islands,Virgin Islands (British),.vg,virgin islands (british),vg,https://flagpedia.net/data/flags/w1160/vg.png,#012169,#FFFFFF,#C8102E,0.696582937,0.102941439,0.092089774,blue,white,red,col_hex_3,col_hex_1,
Cayman Islands,Cayman Islands (the),.ky,cayman islands (the),ky,https://flagpedia.net/data/flags/w1160/ky.png,#012169,#FFFFFF,#C8102E,0.720722354,0.105356718,0.095080262,blue,white,red,col_hex_3,col_hex_1,
Cook Islands,Cook Islands (the),.ck,cook islands (the),ck,https://flagpedia.net/data/flags/w1160/ck.png,#012169,#FFFFFF,#C8102E,0.768810939,0.127134364,0.092089774,blue,white,red,col_hex_3,col_hex_1,
Falkland Islands,Falkland Islands (the) [Malvinas],.fk,falkland islands (the) [malvinas],fk,https://flagpedia.net/data/flags/w1160/fk.png,#012169,#FFFFFF,#C8102E,0.698825803,0.106526457,0.092089774,blue,white,red,col_hex_3,col_hex_1,
Montserrat,Montserrat,.ms,montserrat,ms,https://flagpedia.net/data/flags/w1160/ms.png,#012169,#C8102E,#FFFFFF,0.715114447,0.092089774,0.08951843,blue,red,white,col_hex_2,col_hex_1,
New Zealand,New Zealand,.nz,new zealand,nz,https://flagpedia.net/data/flags/w1160/nz.png,#012169,#C8102E,#FFFFFF,0.803999703,0.096807372,0.089658145,blue,red,white,col_hex_2,col_hex_1,
Pitcairn Islands,Pitcairn,.pn,pitcairn,pn,https://flagpedia.net/data/flags/w1160/pn.png,#012169,#C8102E,#FFFFFF,0.689173603,0.092358799,0.084335612,blue,red,white,col_hex_2,col_hex_1,
South Georgia & South Sandwich Islands,South Georgia and the South Sandwich Islands,.gs,south georgia and the south sandwich islands,gs,https://flagpedia.net/data/flags/w1160/gs.png,#012169,#FFFFFF,#C8102E,0.703272889,0.093809453,0.092089774,blue,white,red,col_hex_3,col_hex_1,
St. Helena,"Saint Helena, Ascension and Tristan da Cunha",.sh,"saint helena, ascension and tristan da cunha",sh,https://flagpedia.net/data/flags/w1160/sh.png,#012169,#C8102E,#FFFFFF,0.757065993,0.092198276,0.083859988,blue,red,white,col_hex_2,col_hex_1,
Central African Republic,Central African Republic (the),.cf,central african republic (the),cf,https://flagpedia.net/data/flags/w1160/cf.png,#FFCE00,#289728,#FFFFFF,0.21719677,0.206866441,0.206843021,yellow,green,white,,,col_hex_2
Kiribati,Kiribati,.ki,kiribati,ki,https://flagpedia.net/data/flags/w1160/ki.png,#C81010,#FFFFFF,#183070,0.445649524,0.241037455,0.230007432,red,white,blue,col_hex_1,col_hex_3,
New Caledonia,New Caledonia,.nc,new caledonia,nc,https://flagpedia.net/data/flags/w1160/nc.png,#0035AD,#009543,#ED4135,0.298689061,0.298665279,0.225240785,blue,green,red,col_hex_3,col_hex_1,col_hex_2
Malawi,Malawi,.mw,malawi,mw,https://flagpedia.net/data/flags/w1160/mw.png,#CE1126,#339E35,#000000,0.384953384,0.331897667,0.274627515,red,green,black,col_hex_1,,col_hex_2
Azerbaijan,Azerbaijan,.az,azerbaijan,az,https://flagpedia.net/data/flags/w1160/az.png,#00B9E4,#3F9C35,#ED2939,0.332758621,0.332758621,0.313220868,blue,green,red,col_hex_3,col_hex_1,col_hex_2
Zimbabwe,Zimbabwe,.zw,zimbabwe,zw,https://flagpedia.net/data/flags/w1160/zw.png,#006400,#FFD200,#D40000,0.263665279,0.236611177,0.22510107,green,yellow,red,col_hex_3,,col_hex_1
Gambia,Gambia (the),.gm,gambia (the),gm,https://flagpedia.net/data/flags/w1160/gm.png,#3A7728,#CE1126,#0C1C8C,0.332470893,0.332470893,0.221216041,green,red,blue,col_hex_2,col_hex_3,col_hex_1
Comoros,Comoros (the),.km,comoros (the),km,https://flagpedia.net/data/flags/w1160/km.png,#3A75C4,#FFC61E,#3D8E33,0.218570402,0.218498563,0.216706302,blue,yellow,green,,col_hex_1,col_hex_3
Ecuador,Ecuador,.ec,ecuador,ec,https://flagpedia.net/data/flags/w1160/ec.png,#FFDD00,#ED1C24,#034EA2,0.47152942,0.255705491,0.212667841,yellow,red,blue,col_hex_2,col_hex_3,
Bahamas,Bahamas (the),.bs,bahamas (the),bs,https://flagpedia.net/data/flags/w1160/bs.png,#00778B,#000000,#FFC72C,0.569184007,0.216126635,0.211217301,blue,black,yellow,,col_hex_1,
São Tomé & Príncipe,Sao Tome and Principe,.st,sao tome and principe,st,https://flagpedia.net/data/flags/w1160/st.png,#12AD2B,#FFCE00,#D21034,0.528255054,0.31962396,0.124568966,green,yellow,red,col_hex_3,,col_hex_1
Netherlands,Netherlands (the),.nl,netherlands (the),nl,https://flagpedia.net/data/flags/w1160/nl.png,#21468B,#AE1C28,#FFFFFF,0.332470893,0.332470893,0.332470893,blue,red,white,col_hex_2,col_hex_1,
South Africa,South Africa,.za,south africa,za,https://flagpedia.net/data/flags/w1160/za.png,#007749,#001489,#E03C31,0.30998684,0.210158585,0.210158585,green,blue,red,col_hex_3,col_hex_2,col_hex_1
Suriname,Suriname,.sr,suriname,sr,https://flagpedia.net/data/flags/w1160/sr.png,#377E3F,#B40A2D,#FFFFFF,0.398447607,0.369460677,0.196636481,green,red,white,col_hex_2,,col_hex_1
Burundi,Burundi,.bi,burundi,bi,https://flagpedia.net/data/flags/w1160/bi.png,#1EB53A,#FFFFFF,#CE1126,0.343098494,0.342943668,0.306744203,green,white,red,col_hex_3,,col_hex_1
United States,United States of America (the),.us,united states of america (the),us,https://flagpedia.net/data/flags/w1160/us.png,#B22234,#FFFFFF,#3C3B6E,0.414721485,0.392959535,0.183104295,red,white,blue,col_hex_1,col_hex_3,
Kenya,Kenya,.ke,kenya,ke,https://flagpedia.net/data/flags/w1160/ke.png,#000000,#BB0000,#006600,0.300438283,0.296867333,0.28899942,black,red,green,col_hex_2,,col_hex_3
United States Minor Outlying Islands (the),United States Minor Outlying Islands (the),.um,united states minor outlying islands (the),um,https://flagpedia.net/data/flags/w1160/um.png,#B22234,#FFFFFF,#3C3B6E,0.414721485,0.392959535,0.183104295,red,white,blue,col_hex_1,col_hex_3,
Faroe Islands,Faroe Islands (the),.fo,faroe islands (the),fo,https://flagpedia.net/data/flags/w1160/fo.png,#FFFFFF,#ED2939,#0065BD,0.611962739,0.201832407,0.179088699,white,red,blue,col_hex_2,col_hex_3,
Réunion,Réunion,.re,réunion,re,https://flagpedia.net/data/flags/w1160/re.png,#3366FF,#FF0000,#FFFF00,0.643830575,0.249246108,0.099052059,blue,red,yellow,col_hex_2,col_hex_1,
St. Pierre & Miquelon,Saint Pierre and Miquelon,.pm,saint pierre and miquelon,pm,https://flagpedia.net/data/flags/w1160/pm.png,#0092C8,#FFCF00,#0091C8,0.298435339,0.166852166,0.151458714,blue,yellow,blue,,col_hex_1,
Malaysia,Malaysia,.my,malaysia,my,https://flagpedia.net/data/flags/w1160/my.png,#FFFFFF,#CC0000,#000066,0.350862069,0.348275862,0.245591558,white,red,blue,col_hex_2,col_hex_3,
Eswatini,Eswatini,.sz,eswatini,sz,https://flagpedia.net/data/flags/w1160/sz.png,#3E5EB9,#B10C0C,#FFD900,0.375170629,0.326556854,0.132525539,blue,red,yellow,col_hex_2,col_hex_1,
Congo - Kinshasa,Congo (the Democratic Republic of the),.cd,congo (the democratic republic of the),cd,https://flagpedia.net/data/flags/w1160/cd.png,#007FFF,#CE1021,#F7D618,0.66844134,0.198838684,0.126852953,blue,red,yellow,col_hex_2,col_hex_1,
Mauritania,Mauritania,.mr,mauritania,mr,https://flagpedia.net/data/flags/w1160/mr.png,#006233,#CD2A3E,#FFC400,0.644788553,0.299611902,0.053034527,green,red,yellow,col_hex_2,,col_hex_1
Hungary,Hungary,.hu,hungary,hu,https://flagpedia.net/data/flags/w1160/hu.png,#436F4D,#CD2A3E,#FFFFFF,0.332758621,0.332758621,0.331034483,green,red,white,col_hex_2,,col_hex_1
Brazil,Brazil,.br,brazil,br,https://flagpedia.net/data/flags/w1160/br.png,#009B3A,#FEDF00,#002776,0.686800365,0.174853491,0.121171649,green,yellow,blue,,col_hex_3,col_hex_1
Sri Lanka,Sri Lanka,.lk,sri lanka,lk,https://flagpedia.net/data/flags/w1160/lk.png,#FFBE29,#8D153A,#EB7400,0.39466409,0.3394783,0.114096314,yellow,red,orange,col_hex_2,,
Marshall Islands,Marshall Islands (the),.mh,marshall islands (the),mh,https://flagpedia.net/data/flags/w1160/mh.png,#003893,#FFFFFF,#DD7500,0.744055816,0.139306676,0.104284948,blue,white,orange,,col_hex_1,
Australia,Australia,.au,australia,au,https://flagpedia.net/data/flags/w1160/au.png,#012169,#FFFFFF,#E4002B,0.78516201,0.111648335,0.092089774,blue,white,red,col_hex_3,col_hex_1,
St. Lucia,Saint Lucia,.lc,saint lucia,lc,https://flagpedia.net/data/flags/w1160/lc.png,#66CCFF,#FCD116,#000000,0.862042212,0.068096017,0.035723841,blue,yellow,black,,col_hex_1,
Fiji,Fiji,.fj,fiji,fj,https://flagpedia.net/data/flags/w1160/fj.png,#69B3E7,#C8102E,#FFFFFF,0.652531213,0.123165874,0.114081451,blue,red,white,col_hex_2,col_hex_1,
Djibouti,Djibouti,.dj,djibouti,dj,https://flagpedia.net/data/flags/w1160/dj.png,#6AB2E7,#12AD2B,#FFFFFF,0.354595842,0.354119641,0.273128652,blue,green,white,,col_hex_1,col_hex_2
Botswana,Botswana,.bw,botswana,bw,https://flagpedia.net/data/flags/w1160/bw.png,#6DA9D2,#000000,#FFFFFF,0.747736093,0.164294955,0.082794308,blue,black,white,,col_hex_1,
Caribbean Netherlands,"Bonaire, Sint Eustatius and Saba",.bq,"bonaire, sint eustatius and saba",bq,https://flagpedia.net/data/flags/w1160/bq.png,#012A87,#FFFFFF,#F9D90F,0.499172503,0.365623188,0.086543695,blue,white,yellow,,col_hex_1,
Cambodia,Cambodia,.kh,cambodia,kh,https://flagpedia.net/data/flags/w1160/kh.png,#032EA1,#E00025,#FFFFFF,0.497792546,0.394407008,0.067771168,blue,red,white,col_hex_2,col_hex_1,
Cape Verde,Cabo Verde,.cv,cabo verde,cv,https://flagpedia.net/data/flags/w1160/cv.png,#003893,#FFFFFF,#CF2027,0.737201689,0.157361715,0.08199009,blue,white,red,col_hex_3,col_hex_1,
Christmas Island,Christmas Island,.cx,christmas island,cx,https://flagpedia.net/data/flags/w1160/cx.png,#0021AD,#1C8A42,#FFC639,0.460708977,0.45269025,0.068534483,blue,green,orange,,col_hex_1,col_hex_2
Lebanon,Lebanon,.lb,lebanon,lb,https://flagpedia.net/data/flags/w1160/lb.png,#ED1C24,#FFFFFF,#00A651,0.498492216,0.428093634,0.066780791,red,white,green,col_hex_1,,col_hex_3
South Korea,Korea (the Republic of),.kr,korea (the republic of),kr,https://flagpedia.net/data/flags/w1160/kr.png,#FFFFFF,#000000,#0047A0,0.785128474,0.076998483,0.064971896,white,black,blue,,col_hex_3,
Liberia,Liberia,.lr,liberia,lr,https://flagpedia.net/data/flags/w1160/lr.png,#BF0A30,#FFFFFF,#002868,0.471804278,0.41764349,0.097028613,red,white,blue,col_hex_1,col_hex_3,
Mongolia,Mongolia,.mn,mongolia,mn,https://flagpedia.net/data/flags/w1160/mn.png,#DA2032,#0066B3,#FFD900,0.599760702,0.332758621,0.062540131,red,blue,yellow,col_hex_1,col_hex_2,
Côte d’Ivoire,Côte d'Ivoire,.ci,côte d'ivoire,ci,https://flagpedia.net/data/flags/w1160/ci.png,#009E60,#F77F00,#FFFFFF,0.332758621,0.332758621,0.332758621,green,orange,white,,,col_hex_1
Italy,Italy,.it,italy,it,https://flagpedia.net/data/flags/w1160/it.png,#009246,#CE2B37,#FFFFFF,0.332758621,0.332758621,0.332758621,green,red,white,col_hex_2,,col_hex_1
Congo - Brazzaville,Congo (the),.cg,congo (the),cg,https://flagpedia.net/data/flags/w1160/cg.png,#DC241F,#FBDE4A,#009543,0.332052683,0.331959004,0.331897667,red,yellow,green,col_hex_1,,col_hex_3
Northern Mariana Islands,Northern Mariana Islands (the),.mp,northern mariana islands (the),mp,https://flagpedia.net/data/flags/w1160/mp.png,#0071BC,#FFFFFF,#8C8A8C,0.760548454,0.108900119,0.046027051,blue,white,,,col_hex_1,
Angola,Angola,.ao,angola,ao,https://flagpedia.net/data/flags/w1160/ao.png,#CC092F,#000000,#FFCB00,0.481172771,0.472002275,0.042224651,red,black,,col_hex_1,,
Bermuda,Bermuda,.bm,bermuda,bm,https://flagpedia.net/data/flags/w1160/bm.png,#C8102E,#FFFFFF,#012169,0.73190547,0.137302319,0.069149822,red,white,blue,col_hex_1,col_hex_3,
United Kingdom,United Kingdom,.uk,united kingdom,uk,https://flagpedia.net/data/flags/w1160/gb.png,#C8102E,#FFFFFF,#012169,0.371016647,0.33460761,0.280808561,red,white,blue,col_hex_1,col_hex_3,
North Macedonia,North Macedonia,.mk,north macedonia,mk,https://flagpedia.net/data/flags/w1160/mk.png,#CE2028,#F9D616,#D43525,0.663773781,0.324799346,0.001716706,red,yellow,,col_hex_1,,
Turkmenistan,Turkmenistan,.tm,turkmenistan,tm,https://flagpedia.net/data/flags/w1160/tm.png,#00843D,#D22630,#FFC72C,0.82943525,0.087852969,0.028411473,green,red,,col_hex_2,,col_hex_1
Antigua & Barbuda,Antigua and Barbuda,.ag,antigua and barbuda,ag,https://flagpedia.net/data/flags/w1160/ag.png,#CE1126,#000000,#0072C6,0.498646117,0.257972744,0.10788018,red,black,blue,col_hex_1,col_hex_3,
Guam,Guam,.gu,guam,gu,https://flagpedia.net/data/flags/w1160/gu.png,#00297B,#C62139,#92DBFC,0.797690986,0.146201076,0.026151735,blue,red,,col_hex_2,col_hex_1,
Uruguay,Uruguay,.uy,uruguay,uy,https://flagpedia.net/data/flags/w1160/uy.png,#FFFFFF,#0038A8,#7B3F00,0.586445555,0.357753045,0.025039033,white,blue,,,col_hex_2,
French Polynesia,French Polynesia,.pf,french polynesia,pf,https://flagpedia.net/data/flags/w1160/pf.png,#CE1126,#FFFFFF,#FF9C10,0.512963376,0.427499219,0.023289245,red,white,,col_hex_1,,
Ghana,Ghana,.gh,ghana,gh,https://flagpedia.net/data/flags/w1160/gh.png,#CE1126,#006B3F,#FCD116,0.332470893,0.331897667,0.306724807,red,green,yellow,col_hex_1,,col_hex_2
Grenada,Grenada,.gd,grenada,gd,https://flagpedia.net/data/flags/w1160/gd.png,#CE1126,#FCD116,#007A5E,0.400717152,0.309061633,0.280670333,red,yellow,green,col_hex_1,,col_hex_3
Liechtenstein,Liechtenstein,.li,liechtenstein,li,https://flagpedia.net/data/flags/w1160/li.png,#CE1126,#002B7F,#FFD83D,0.5,0.460072335,0.019472107,red,blue,,col_hex_1,col_hex_2,
Iraq,Iraq,.iq,iraq,iq,https://flagpedia.net/data/flags/w1160/iq.png,#CE1126,#000000,#FFFFFF,0.332470893,0.331897667,0.306991346,red,black,white,col_hex_1,,
Laos,Lao People's Democratic Republic (the),.la,lao people's democratic republic (the),la,https://flagpedia.net/data/flags/w1160/la.png,#CE1126,#002868,#FFFFFF,0.499353169,0.414056297,0.083224785,red,blue,white,col_hex_1,col_hex_2,
San Marino,San Marino,.sm,san marino,sm,https://flagpedia.net/data/flags/w1160/sm.png,#FFFFFF,#5EB6E4,#658D5C,0.450843242,0.437259215,0.01737614,white,blue,,,col_hex_2,
Bulgaria,Bulgaria,.bg,bulgaria,bg,https://flagpedia.net/data/flags/w1160/bg.png,#00966E,#D62612,#FFFFFF,0.333333333,0.333333333,0.333333333,green,red,white,col_hex_2,,col_hex_1
Spain,Spain,.es,spain,es,https://flagpedia.net/data/flags/w1160/es.png,#C60B1E,#FFC400,#AD1519,0.499353169,0.438988268,0.016287862,red,yellow,,col_hex_1,,
Samoa,Samoa,.ws,samoa,ws,https://flagpedia.net/data/flags/w1160/ws.png,#CE1126,#002B7F,#FFFFFF,0.75,0.240074316,0.00850327,red,blue,white,col_hex_1,col_hex_2,
Belize,Belize,.bz,belize,bz,https://flagpedia.net/data/flags/w1160/bz.png,#171696,#D90F19,#FFFFFF,0.638483452,0.198293203,0.076176675,blue,red,white,col_hex_2,col_hex_1,
Malta,Malta,.mt,malta,mt,https://flagpedia.net/data/flags/w1160/mt.png,#CF142B,#FFFFFF,#CCCCCC,0.50000223,0.473874738,0.015613151,red,white,grey,col_hex_1,,
Isle of Man,Isle of Man,.im,isle of man,im,https://flagpedia.net/data/flags/w1160/im.png,#CF142B,#FFFFFF,#000000,0.946166766,0.032855232,0.007450951,red,white,black,col_hex_1,,
Montenegro,Montenegro,.me,montenegro,me,https://flagpedia.net/data/flags/w1160/me.png,#C40308,#D4AE3A,#B96B29,0.761154875,0.192505945,0.013041023,red,yellow,,col_hex_1,,
Gibraltar,Gibraltar,.gi,gibraltar,gi,https://flagpedia.net/data/flags/w1160/gi.png,#FFFFFF,#DA000C,#000000,0.542997919,0.402942925,0.035108502,white,red,black,col_hex_2,,
Cyprus,Cyprus,.cy,cyprus,cy,https://flagpedia.net/data/flags/w1160/cy.png,#FFFFFF,#D57800,#4E5B31,0.89538966,0.086898336,0.011831423,white,orange,,,,
Ethiopia,Ethiopia,.et,ethiopia,et,https://flagpedia.net/data/flags/w1160/et.png,#078930,#DA121A,#FCDD09,0.298724732,0.298544887,0.248671225,green,red,yellow,col_hex_2,,col_hex_1
Vatican City,Holy See (the),.va,holy see (the),va,https://flagpedia.net/data/flags/w1160/va.png,#FFE000,#FFFFFF,#CCCCCC,0.518795333,0.44008918,0.011108056,yellow,white,grey,,,
Maldives,Maldives,.mv,maldives,mv,https://flagpedia.net/data/flags/w1160/mv.png,#D21034,#007E3A,#FFFFFF,0.665947718,0.317360708,0.013398314,red,green,white,col_hex_1,,col_hex_2
Chile,Chile,.cl,chile,cl,https://flagpedia.net/data/flags/w1160/cl.png,#D52B1E,#FFFFFF,#0039A6,0.499353169,0.34417964,0.154109604,red,white,blue,col_hex_1,col_hex_3,
Iceland,Iceland,.is,iceland,is,https://flagpedia.net/data/flags/w1160/is.png,#02529C,#DC1E35,#FFFFFF,0.649605616,0.181854223,0.162989882,blue,red,white,col_hex_2,col_hex_1,
Aruba,Aruba,.aw,aruba,aw,https://flagpedia.net/data/flags/w1160/aw.png,#418FDE,#FFD100,#EF3340,0.866954766,0.108667529,0.010138511,blue,yellow,,,col_hex_1,
Germany,Germany,.de,germany,de,https://flagpedia.net/data/flags/w1160/de.png,#000000,#DD0000,#FFCE00,0.333333333,0.333333333,0.333333333,black,red,yellow,col_hex_2,,
Argentina,Argentina,.ar,argentina,ar,https://flagpedia.net/data/flags/w1160/ar.png,#74ACDF,#FFFFFF,#F6B40E,0.664827586,0.309269917,0.007972652,blue,white,,,col_hex_1,
Trinidad & Tobago,Trinidad and Tobago,.tt,trinidad and tobago,tt,https://flagpedia.net/data/flags/w1160/tt.png,#DA1A35,#000000,#FFFFFF,0.692832194,0.202664239,0.098983105,red,black,white,col_hex_1,,
Macao SAR China,Macao,.mo,macao,mo,https://flagpedia.net/data/flags/w1160/mo.png,#0F7562,#FFFFFF,#FFDE23,0.919131686,0.067697506,0.006056787,green,white,,,,col_hex_1
Equatorial Guinea,Equatorial Guinea,.gq,equatorial guinea,gq,https://flagpedia.net/data/flags/w1160/gq.png,#3E9A00,#E32118,#FFFFFF,0.304776509,0.304632645,0.25086876,green,red,white,col_hex_2,,col_hex_1
Oman,Oman,.om,oman,om,https://flagpedia.net/data/flags/w1160/om.png,#DB161B,#FFFFFF,#008000,0.483151011,0.255324019,0.249568966,red,white,green,col_hex_1,,col_hex_3
Guatemala,Guatemala,.gt,guatemala,gt,https://flagpedia.net/data/flags/w1160/gt.png,#4997D0,#FFFFFF,#F9F0AA,0.665517241,0.302033294,0.004117717,blue,white,,,col_hex_1,
Sint Maarten,Sint Maarten (Dutch part),.sx,sint maarten (dutch part),sx,https://flagpedia.net/data/flags/w1160/sx.png,#DC171D,#012A87,#FFFFFF,0.399630861,0.388747379,0.163773029,red,blue,white,col_hex_1,col_hex_2,
Martinique,Martinique,.mq,martinique,mq,https://flagpedia.net/data/flags/w1160/mq.png,#21428E,#FFFFFF,#91A2C7,0.650773966,0.336113218,0.003731543,blue,white,,,col_hex_1,
Timor-Leste,Timor-Leste,.tl,timor-leste,tl,https://flagpedia.net/data/flags/w1160/tl.png,#DC241F,#000000,#FFC726,0.749137931,0.148461653,0.081617122,red,black,yellow,col_hex_1,,
Guernsey,Guernsey,.gg,guernsey,gg,https://flagpedia.net/data/flags/w1160/gg.png,#FFFFFF,#E8112D,#F9DD16,0.624838292,0.289137708,0.082147477,white,red,yellow,col_hex_2,,
Honduras,Honduras,.hn,honduras,hn,https://flagpedia.net/data/flags/w1160/hn.png,#0073CF,#FFFFFF,#ABD1EF,0.673528537,0.321691439,0.003641498,blue,white,,,col_hex_1,
Greece,Greece,.gr,greece,gr,https://flagpedia.net/data/flags/w1160/gr.png,#0D5EAF,#FFFFFF,#C4D8EC,0.560261186,0.431694696,0.002919659,blue,white,,,col_hex_1,
Denmark,Denmark,.dk,denmark,dk,https://flagpedia.net/data/flags/w1160/dk.png,#C60C30,#FFFFFF,#F2C5CE,0.761982562,0.23303354,0.002768832,red,white,,col_hex_1,,
Georgia,Georgia,.ge,georgia,ge,https://flagpedia.net/data/flags/w1160/ge.png,#FFFFFF,#FF0000,#FF3F3F,0.640131374,0.353725967,0.002649775,white,red,,col_hex_2,,
Eritrea,Eritrea,.er,eritrea,er,https://flagpedia.net/data/flags/w1160/er.png,#EA0437,#12AD2B,#4189DD,0.433816885,0.249137931,0.249137931,red,green,blue,col_hex_1,col_hex_3,col_hex_2
Austria,Austria,.at,austria,at,https://flagpedia.net/data/flags/w1160/at.png,#ED2939,#FFFFFF,#F3707B,0.664941785,0.332470893,0.002587322,red,white,,col_hex_1,,
Israel,Israel,.il,israel,il,https://flagpedia.net/data/flags/w1160/il.png,#FFFFFF,#0038B8,#1F50C0,0.644555891,0.350598546,0.0025525,white,blue,blue,,col_hex_2,
Bangladesh,Bangladesh,.bd,bangladesh,bd,https://flagpedia.net/data/flags/w1160/bd.png,#006A4E,#F42A41,#3D5A4A,0.79003914,0.208589725,0.000391399,green,red,,col_hex_2,,col_hex_1
Kazakhstan,Kazakhstan,.kz,kazakhstan,kz,https://flagpedia.net/data/flags/w1160/kz.png,#00AFCA,#FEC50C,#C4C037,0.906630499,0.076970868,0.002449465,blue,yellow,,,col_hex_1,
Wallis & Futuna,Wallis and Futuna,.wf,wallis and futuna,wf,https://flagpedia.net/data/flags/w1160/wf.png,#ED2939,#FFFFFF,#002395,0.846668823,0.09539189,0.052382121,red,white,blue,col_hex_1,col_hex_3,
Norfolk Island,Norfolk Island,.nf,norfolk island,nf,https://flagpedia.net/data/flags/w1160/nf.png,#007934,#FFFFFF,#F4FAF6,0.68350327,0.305225922,0.00237069,green,white,,,,col_hex_1
Finland,Finland,.fi,finland,fi,https://flagpedia.net/data/flags/w1160/fi.png,#FFFFFF,#003580,#D0D9E8,0.603720636,0.392422548,0.002349108,white,blue,blue,,col_hex_2,
Bouvet Island,Bouvet Island,.bv,bouvet island,bv,https://flagpedia.net/data/flags/w1160/bv.png,#EF2B2D,#002868,#FFFFFF,0.610671678,0.20258825,0.179097892,red,blue,white,col_hex_1,col_hex_2,
Norway,Norway,.no,norway,no,https://flagpedia.net/data/flags/w1160/no.png,#EF2B2D,#002868,#FFFFFF,0.610671678,0.20258825,0.179097892,red,blue,white,col_hex_1,col_hex_2,
Svalbard & Jan Mayen,Svalbard and Jan Mayen,.sj,svalbard and jan mayen,sj,https://flagpedia.net/data/flags/w1160/sj.png,#EF2B2D,#002868,#FFFFFF,0.610671678,0.20258825,0.179097892,red,blue,white,col_hex_1,col_hex_2,
Brunei,Brunei Darussalam,.bn,brunei darussalam,bn,https://flagpedia.net/data/flags/w1160/bn.png,#F7E017,#FFFFFF,#000000,0.54457937,0.213442331,0.174629905,yellow,white,black,,,
Nicaragua,Nicaragua,.ni,nicaragua,ni,https://flagpedia.net/data/flags/w1160/ni.png,#0067C6,#FFFFFF,#97C924,0.666666667,0.31732932,0.001974336,blue,white,green,,col_hex_1,col_hex_3
Jersey,Jersey,.je,jersey,je,https://flagpedia.net/data/flags/w1160/je.png,#FFFFFF,#CE0F25,#FFE56E,0.718810692,0.251400862,0.001841805,white,red,,col_hex_2,,
Colombia,Colombia,.co,colombia,co,https://flagpedia.net/data/flags/w1160/co.png,#FCD116,#CE1126,#003893,0.499353169,0.249246108,0.247954677,yellow,red,blue,col_hex_2,col_hex_3,
Kyrgyzstan,Kyrgyzstan,.kg,kyrgyzstan,kg,https://flagpedia.net/data/flags/w1160/kg.png,#FF0000,#FFFF00,#FF1600,0.90496309,0.083987317,0.00175758,red,yellow,,col_hex_1,,
Saudi Arabia,Saudi Arabia,.sa,saudi arabia,sa,https://flagpedia.net/data/flags/w1160/sa.png,#006C35,#FFFFFF,#006B34,0.925771736,0.062965606,0.001737521,green,white,green,,,col_hex_1
U.S. Virgin Islands,Virgin Islands (U.S.),.vi,virgin islands (u.s.),vi,https://flagpedia.net/data/flags/w1160/vi.png,#FFFFFF,#F4C53D,#010002,0.696087791,0.146908596,0.035904671,white,yellow,,,,
Nigeria,Nigeria,.ng,nigeria,ng,https://flagpedia.net/data/flags/w1160/ng.png,#008751,#FFFFFF,#55AF8B,0.665517241,0.332758621,0.001724138,green,white,,,,col_hex_1
Peru,Peru,.pe,peru,pe,https://flagpedia.net/data/flags/w1160/pe.png,#D91023,#FFFFFF,#E55F6C,0.665517241,0.332758621,0.001724138,red,white,,col_hex_1,,
Jamaica,Jamaica,.jm,jamaica,jm,https://flagpedia.net/data/flags/w1160/jm.png,#FED100,#000000,#009B3A,0.334934602,0.329726516,0.329726516,yellow,black,green,,,col_hex_3
Niue,Niue,.nu,niue,nu,https://flagpedia.net/data/flags/w1160/nu.png,#FEDD00,#FFFFFF,#012169,0.758926873,0.082838882,0.075923008,yellow,white,blue,,col_hex_3,
Curaçao,Curaçao,.cw,curaçao,cw,https://flagpedia.net/data/flags/w1160/cw.png,#002B7F,#F9E814,#FFFFFF,0.859652273,0.123977339,0.013871169,blue,yellow,white,,col_hex_1,
Singapore,Singapore,.sg,singapore,sg,https://flagpedia.net/data/flags/w1160/sg.png,#FFFFFF,#ED2939,#F6949C,0.526542356,0.470061783,0.001700718,white,red,,col_hex_2,,
Zambia,Zambia,.zm,zambia,zm,https://flagpedia.net/data/flags/w1160/zm.png,#198A00,#EF7D00,#000000,0.744630191,0.093100103,0.078162778,green,orange,black,,,col_hex_1
Greenland,Greenland,.gl,greenland,gl,https://flagpedia.net/data/flags/w1160/gl.png,#D00C33,#FFFFFF,#E78598,0.49866396,0.498497792,0.001541241,red,white,,col_hex_1,,
Mayotte,Mayotte,.yt,mayotte,yt,https://flagpedia.net/data/flags/w1160/yt.png,#FFFFFF,#DFDFDF,#D42E12,0.750773966,0.087897578,0.059815096,white,grey,red,col_hex_3,,
Madagascar,Madagascar,.mg,madagascar,mg,https://flagpedia.net/data/flags/w1160/mg.png,#007E3A,#FC3D32,#FFFFFF,0.332758621,0.332758621,0.332758621,green,red,white,col_hex_2,,col_hex_1
French Guiana,French Guiana,.gf,french guiana,gf,https://flagpedia.net/data/flags/w1160/gf.png,#078930,#FCDD09,#DA121A,0.489535843,0.487690146,0.020422001,green,yellow,red,col_hex_3,,col_hex_1
Switzerland,Switzerland,.ch,switzerland,ch,https://flagpedia.net/data/flags/w1160/ch.png,#FF0000,#FFFFFF,#FFC0C0,0.800080262,0.197767539,0.001504162,red,white,,col_hex_1,,
Sweden,Sweden,.se,sweden,se,https://flagpedia.net/data/flags/w1160/se.png,#006AA7,#FECC00,#7F9B53,0.699310345,0.299310345,0.00137931,blue,yellow,,,col_hex_1,
Poland,Poland,.pl,poland,pl,https://flagpedia.net/data/flags/w1160/pl.png,#DC143C,#FFFFFF,#ED8A9E,0.499310345,0.499310345,0.00137931,red,white,,col_hex_1,,
Ukraine,Ukraine,.ua,ukraine,ua,https://flagpedia.net/data/flags/w1160/ua.png,#005BBB,#FFD500,#80985D,0.499353169,0.499353169,0.001293661,blue,yellow,,,col_hex_1,
Indonesia,Indonesia,.id,indonesia,id,https://flagpedia.net/data/flags/w1160/id.png,#FF0000,#FFFFFF,#FF7F7F,0.499353169,0.499353169,0.001293661,red,white,,col_hex_1,,
Albania,Albania,.al,albania,al,https://flagpedia.net/data/flags/w1160/al.png,#FF0000,#000000,#160000,0.866891976,0.125271411,0.001252028,red,black,,col_hex_1,,
Cocos (Keeling) Islands,Cocos (Keeling) Islands (the),.cc,cocos (keeling) islands (the),cc,https://flagpedia.net/data/flags/w1160/cc.png,#008000,#FFE000,#802000,0.896574019,0.094693817,0.001206897,green,yellow,,,,col_hex_1
Algeria,Algeria,.dz,algeria,dz,https://flagpedia.net/data/flags/w1160/dz.png,#FFFFFF,#006233,#D21034,0.478616675,0.4601084,0.059025516,white,green,red,col_hex_3,,col_hex_2
British Indian Ocean Territory,British Indian Ocean Territory (the),.io,british indian ocean territory (the),io,https://flagpedia.net/data/flags/w1160/io.png,#FFFFFF,#012169,#C8102E,0.42012931,0.41039239,0.096465517,white,blue,red,col_hex_3,col_hex_2,
Costa Rica,Costa Rica,.cr,costa rica,cr,https://flagpedia.net/data/flags/w1160/cr.png,#FFFFFF,#002B7F,#CE1126,0.348137138,0.333381639,0.298684602,white,blue,red,col_hex_3,col_hex_2,
Bhutan,Bhutan,.bt,bhutan,bt,https://flagpedia.net/data/flags/w1160/bt.png,#FFD520,#FF4E12,#FFFFFF,0.436660793,0.40562631,0.117571486,yellow,red,white,col_hex_2,,
Qatar,Qatar,.qa,qatar,qa,https://flagpedia.net/data/flags/w1160/qa.png,#8D1B3D,#FFFFFF,#8C1A3D,0.676502949,0.320026089,0.000862069,red,white,,col_hex_1,,
Ireland,Ireland,.ie,ireland,ie,https://flagpedia.net/data/flags/w1160/ie.png,#169B62,#FF883E,#FFFFFF,0.332758621,0.332758621,0.332758621,green,yellow,white,,,col_hex_1
Tonga,Tonga,.to,tonga,to,https://flagpedia.net/data/flags/w1160/to.png,#C10000,#FFFFFF,#D65555,0.829586801,0.168590963,0.000859096,red,white,,col_hex_1,,
India,India,.in,india,in,https://flagpedia.net/data/flags/w1160/in.png,#128807,#FF9933,#FFFFFF,0.332470893,0.332470893,0.31266338,green,yellow,white,,,col_hex_1
Hong Kong SAR China,Hong Kong,.hk,hong kong,hk,https://flagpedia.net/data/flags/w1160/hk.png,#DE2910,#FFFFFF,#DE280F,0.91120132,0.082956016,0.000849801,red,white,,col_hex_1,,
Nauru,Nauru,.nr,nauru,nr,https://flagpedia.net/data/flags/w1160/nr.png,#002B7F,#FFC61E,#FFFFFF,0.891538347,0.082758621,0.020860583,blue,yellow,white,,col_hex_1,
Micronesia (Federated States of),Micronesia (Federated States of),.fm,micronesia (federated states of),fm,https://flagpedia.net/data/flags/w1160/fm.png,#75B2DD,#FFFFFF,#E0EEF8,0.975633501,0.022752413,0.000677239,blue,white,,,col_hex_1,
Barbados,Barbados,.bb,barbados,bb,https://flagpedia.net/data/flags/w1160/bb.png,#00267F,#FFC726,#000000,0.665517241,0.293579649,0.037207253,blue,yellow,black,,col_hex_1,
Antarctica,Antarctica,.aq,antarctica,aq,https://flagpedia.net/data/flags/w1160/aq.png,#3A7DCE,#FFFFFF,#7BA8DF,0.683693179,0.313417273,0.000674711,blue,white,,,col_hex_1,
Turkey,Turkey,.tr,turkey,tr,https://flagpedia.net/data/flags/w1160/tr.png,#E30A17,#FFFFFF,#ED5A63,0.938350359,0.059221796,0.00057211,red,white,,col_hex_1,,
Tokelau,Tokelau,.tk,tokelau,tk,https://flagpedia.net/data/flags/w1160/tk.png,#012169,#FFD100,#FFFFFF,0.71353151,0.273764863,0.005737218,blue,yellow,white,,col_hex_1,
Tunisia,Tunisia,.tn,tunisia,tn,https://flagpedia.net/data/flags/w1160/tn.png,#E70013,#FFFFFF,#EB2737,0.905034126,0.091882277,0.000558728,red,white,,col_hex_1,,
Nepal,Nepal,.np,nepal,np,https://flagpedia.net/data/flags/w1160/np.png,#FFFFFF,#DC143C,#003893,0.49741989,0.361979954,0.133618251,white,red,blue,col_hex_2,col_hex_3,
China,China,.cn,china,cn,https://flagpedia.net/data/flags/w1160/cn.png,#DE2910,#FFDE00,#F08807,0.974784762,0.023498907,0.000531962,red,yellow,,col_hex_1,,
Morocco,Morocco,.ma,morocco,ma,https://flagpedia.net/data/flags/w1160/ma.png,#C1272D,#006233,#3C4F30,0.982175358,0.01697261,0.000449436,red,green,,col_hex_1,,col_hex_2
Bahrain,Bahrain,.bh,bahrain,bh,https://flagpedia.net/data/flags/w1160/bh.png,#CE1126,#FFFFFF,#E2717E,0.673938516,0.323849336,0.000418648,red,white,,col_hex_1,,
Canada,Canada,.ca,canada,ca,https://flagpedia.net/data/flags/w1160/ca.png,#FF0000,#FFFFFF,#FF1C1C,0.635732759,0.361472949,0.00039239,red,white,,col_hex_1,,
St. Barthélemy,Saint Barthélemy,.bl,saint barthélemy,bl,https://flagpedia.net/data/flags/w1160/bl.png,#FFFFFF,#EACE24,#1353B4,0.729398448,0.058973101,0.058161217,white,yellow,blue,,col_hex_3,
Pakistan,Pakistan,.pk,pakistan,pk,https://flagpedia.net/data/flags/w1160/pk.png,#01411C,#FFFFFF,#215938,0.686136637,0.31167083,0.000376946,green,white,,,,col_hex_1
Japan,Japan,.jp,japan,jp,https://flagpedia.net/data/flags/w1160/jp.png,#FFFFFF,#BC002D,#C93054,0.810771959,0.187781594,0.000341259,white,red,,col_hex_2,,
Vietnam,Viet Nam,.vn,viet nam,vn,https://flagpedia.net/data/flags/w1160/vn.png,#DA251D,#FFFF00,#F8D605,0.93203707,0.066777446,0.000339028,red,yellow,,col_hex_1,,
Palau,Palau,.pw,palau,pw,https://flagpedia.net/data/flags/w1160/pw.png,#0099FF,#FFFF00,#1CA4E3,0.822653983,0.17583591,0.000294887,blue,yellow,,,col_hex_1,
Somalia,Somalia,.so,somalia,so,https://flagpedia.net/data/flags/w1160/so.png,#4189DD,#FFFFFF,#87B4EA,0.95611924,0.042875942,0.000258732,blue,white,,,col_hex_1,